caesar_cipher,Encouraging,abundant_number,Explanation,rle_decompression,DirectSolution,star_out,Encouraging,centered_average,Explanation,not_alone,DirectSolution,linear_in,Encouraging
abundant_number,DirectSolution,rle_decompression,Encouraging,star_out,Explanation,centered_average,DirectSolution,not_alone,Encouraging,linear_in,Explanation,caesar_cipher,Explanation
rle_decompression,Explanation,star_out,DirectSolution,centered_average,Encouraging,not_alone,Explanation,linear_in,DirectSolution,caesar_cipher,DirectSolution,abundant_number,Encouraging
star_out,Encouraging,centered_average,Explanation,not_alone,DirectSolution,linear_in,Encouraging,caesar_cipher,Encouraging,abundant_number,Explanation,rle_decompression,DirectSolution
centered_average,DirectSolution,not_alone,Encouraging,linear_in,Explanation,caesar_cipher,Explanation,abundant_number,DirectSolution,rle_decompression,Encouraging,star_out,Explanation
not_alone,Explanation,linear_in,DirectSolution,caesar_cipher,DirectSolution,abundant_number,Encouraging,rle_decompression,Explanation,star_out,DirectSolution,centered_average,Encouraging
linear_in,Encouraging,caesar_cipher,Encouraging,abundant_number,Explanation,rle_decompression,DirectSolution,star_out,Encouraging,centered_average,Explanation,not_alone,DirectSolution
caesar_cipher,Explanation,abundant_number,DirectSolution,rle_decompression,Encouraging,star_out,Explanation,centered_average,DirectSolution,not_alone,Encouraging,linear_in,Explanation
abundant_number,Encouraging,rle_decompression,Explanation,star_out,DirectSolution,centered_average,Encouraging,not_alone,Explanation,linear_in,DirectSolution,caesar_cipher,DirectSolution
rle_decompression,DirectSolution,star_out,Encouraging,centered_average,Explanation,not_alone,DirectSolution,linear_in,Encouraging,caesar_cipher,Encouraging,abundant_number,Explanation
star_out,Explanation,centered_average,DirectSolution,not_alone,Encouraging,linear_in,Explanation,caesar_cipher,Explanation,abundant_number,DirectSolution,rle_decompression,Encouraging
centered_average,Encouraging,not_alone,Explanation,linear_in,DirectSolution,caesar_cipher,DirectSolution,abundant_number,Encouraging,rle_decompression,Explanation,star_out,DirectSolution
not_alone,DirectSolution,linear_in,Encouraging,caesar_cipher,Encouraging,abundant_number,Explanation,rle_decompression,DirectSolution,star_out,Encouraging,centered_average,Explanation
linear_in,Explanation,caesar_cipher,Explanation,abundant_number,DirectSolution,rle_decompression,Encouraging,star_out,Explanation,centered_average,DirectSolution,not_alone,Encouraging
caesar_cipher,DirectSolution,abundant_number,Encouraging,rle_decompression,Explanation,star_out,DirectSolution,centered_average,Encouraging,not_alone,Explanation,linear_in,DirectSolution
abundant_number,Explanation,rle_decompression,DirectSolution,star_out,Encouraging,centered_average,Explanation,not_alone,DirectSolution,linear_in,Encouraging,caesar_cipher,Encouraging
rle_decompression,Encouraging,star_out,Explanation,centered_average,DirectSolution,not_alone,Encouraging,linear_in,Explanation,caesar_cipher,Explanation,abundant_number,DirectSolution
star_out,DirectSolution,centered_average,Encouraging,not_alone,Explanation,linear_in,DirectSolution,caesar_cipher,DirectSolution,abundant_number,Encouraging,rle_decompression,Explanation
centered_average,Explanation,not_alone,DirectSolution,linear_in,Encouraging,caesar_cipher,Encouraging,abundant_number,Explanation,rle_decompression,DirectSolution,star_out,Encouraging
not_alone,Encouraging,linear_in,Explanation,caesar_cipher,Explanation,abundant_number,DirectSolution,rle_decompression,Encouraging,star_out,Explanation,centered_average,DirectSolution
linear_in,DirectSolution,caesar_cipher,DirectSolution,abundant_number,Encouraging,rle_decompression,Explanation,star_out,DirectSolution,centered_average,Encouraging,not_alone,Explanation
caesar_cipher,Encouraging,abundant_number,Explanation,rle_decompression,DirectSolution,star_out,Encouraging,centered_average,Explanation,not_alone,DirectSolution,linear_in,Encouraging
abundant_number,DirectSolution,rle_decompression,Encouraging,star_out,Explanation,centered_average,DirectSolution,not_alone,Encouraging,linear_in,Explanation,caesar_cipher,Explanation
rle_decompression,Explanation,star_out,DirectSolution,centered_average,Encouraging,not_alone,Explanation,linear_in,DirectSolution,caesar_cipher,DirectSolution,abundant_number,Encouraging
star_out,Encouraging,centered_average,Explanation,not_alone,DirectSolution,linear_in,Encouraging,caesar_cipher,Encouraging,abundant_number,Explanation,rle_decompression,DirectSolution
centered_average,DirectSolution,not_alone,Encouraging,linear_in,Explanation,caesar_cipher,Explanation,abundant_number,DirectSolution,rle_decompression,Encouraging,star_out,Explanation
not_alone,Explanation,linear_in,DirectSolution,caesar_cipher,DirectSolution,abundant_number,Encouraging,rle_decompression,Explanation,star_out,DirectSolution,centered_average,Encouraging
linear_in,Encouraging,caesar_cipher,Encouraging,abundant_number,Explanation,rle_decompression,DirectSolution,star_out,Encouraging,centered_average,Explanation,not_alone,DirectSolution
caesar_cipher,Explanation,abundant_number,DirectSolution,rle_decompression,Encouraging,star_out,Explanation,centered_average,DirectSolution,not_alone,Encouraging,linear_in,Explanation
abundant_number,Encouraging,rle_decompression,Explanation,star_out,DirectSolution,centered_average,Encouraging,not_alone,Explanation,linear_in,DirectSolution,caesar_cipher,DirectSolution
